{
    "loss": 10.104981422424316,
    "accuracy": 0.4313725531101227
}