{
    "loss": 1.3575503826141357,
    "accuracy": 0.8039215803146362
}